{
  "eslint.config.js": 1776358844.6978736,
  "vite.config.ts": 1776358883.0609777,
  "src/App.tsx": 1776427645.8900313,
  "src/main.tsx": 1776416497.418434,
  "src/test/setup.ts": 1776358886.1624458,
  "src/components/ui/ProgressBar.tsx": 1776361122.9269378,
  "src/components/ui/Badge.tsx": 1776361119.214193,
  "src/components/Home/index.tsx": 1776427963.5710475,
  "src/components/Home/Home.test.tsx": 1776427965.301082,
  "src/components/NavBar/index.tsx": 1776427496.646018,
  "src/components/NavBar/NavBar.test.tsx": 1776427307.3769689,
  "src/components/Debrief/index.tsx": 1776414143.184912,
  "src/components/Debrief/Debrief.test.tsx": 1776414121.1902459,
  "src/components/QuizScreen/index.tsx": 1776428942.9546835,
  "src/components/QuizScreen/QuizScreen.test.tsx": 1776445272.7261686,
  "src/components/StateIndicators/index.tsx": 1776413549.4503226,
  "src/components/StateIndicators/StateIndicators.test.tsx": 1776413259.8628385,
  "src/components/QuizSelector/index.tsx": 1776428808.441282,
  "src/components/QuizSelector/QuizSelector.test.tsx": 1776428793.8239532,
  "src/components/QuizResults/index.tsx": 1776445357.3948786,
  "src/components/QuizResults/QuizResults.test.tsx": 1776445334.0915654,
  "src/components/AteliersHome/index.tsx": 1776445423.8289602,
  "src/components/AteliersHome/AteliersHome.test.tsx": 1776445412.5020113,
  "src/components/ScrumGuideAtelier/index.tsx": 1776445464.897466,
  "src/components/ScrumGuideAtelier/ScrumGuideAtelier.test.tsx": 1776445430.2079415,
  "src/components/ScenarioSelector/index.tsx": 1776412201.4122806,
  "src/components/ScenarioSelector/ScenarioSelector.test.tsx": 1776412000.0547392,
  "src/components/SimulationScreen/index.tsx": 1776414027.8466258,
  "src/components/SimulationScreen/SimulationScreen.test.tsx": 1776414063.8304057,
  "src/data/scenarios/scenario-03-debt-or-demo.ts": 1776360960.6490245,
  "src/data/scenarios/scenario-02-daily-dysfunction.ts": 1776360836.4292421,
  "src/data/scenarios/index.ts": 1776361006.739066,
  "src/data/scenarios/scenario-01-new-team.ts": 1776360734.5356152,
  "src/data/quizzes/exam-1.ts": 1776428749.401304,
  "src/data/quizzes/types.ts": 1776428053.1403959,
  "src/data/quizzes/quizData.test.ts": 1776428108.0980551,
  "src/data/quizzes/index.ts": 1776428114.4478369,
  "src/data/quizzes/exam-3.ts": 1776428749.403133,
  "src/data/quizzes/exam-2.ts": 1776428749.4021142,
  "src/engine/scorer.ts": 1776360264.8834894,
  "src/engine/simulator.ts": 1776360149.4868608,
  "src/engine/types.ts": 1776359873.147395,
  "src/engine/simulator.test.ts": 1776360140.9188693,
  "src/engine/scorer.test.ts": 1776360249.334354,
  "src/store/simulationStore.ts": 1776360469.706314,
  "src/store/quizStore.test.ts": 1776428122.3808477,
  "src/store/quizStore.ts": 1776428757.115931,
  "src/store/simulationStore.test.ts": 1776360511.280408,
  "index.html": 1776358844.6983166,
  "README.md": 1776358844.696669,
  "public/icons.svg": 1776358844.700897,
  "public/favicon.svg": 1776358844.700072
}